Kuramon -> Tsumemon, Pagumon
Pabumon -> Motimon, Yokomon, Tanemon
Punimon -> Nyaromon, Tsunomon
Botamon -> Koromon, Wanyamon
Poyomon -> Bukamon, Tokomon
Koromon -> Agumon, ???, Guilmon, ToyAgumon
Tanemon -> Lalamon, Palmon, Renamon
Tsunomon -> Gabumon, Goblimon, Veemon, Gabumon(Blk)
Tsumemon -> Keramon, DemiDevimon, Agumon(Blk)
Tokomon -> Falcomon, Hawkmon, Lucemon, Patamon
Nyaromon -> Armadillomon, Salamon, Terriermon
Pagumon -> Gazimon, Impmon, Lopmon
Yokomon -> Elecmon, Wormmon, Biyomon
Bukamon -> Betamon, Gomamon, Otamamon, Syakomon
Motimon -> Gotsumon, Hagurumon, Tentomon, Solarmon
Wanyamon -> Dorumon, Gaomon, Kudamon
Agumon -> GeoGreymon, Greymon, Meramon, Tyrannomon, Sukamon
Agumon(Blk) -> Growlmon, Cyclonemon, Tankmon, Tyrannomon, Greymon(Blue)
Armadillomon -> Ankylomon, Cyclonemon, GoldNumemon, Tankmon, Geremon
Impmon -> Bakemon, Ogremon, Socerimon, BlackGatomon, Wizardmon, IceDevimon
Elecmon -> Garurumon, Leomon, Nanimon, Sukamon, Garurumon(Blk), Geremon
Otamamon -> Gekomon, Numemon, Seadramon, ShellNumemon
Gaomon -> Gargomon, GaoGamon, Leomon, Togemon, Ogremon
Gazimon -> Dorugamon, GaoGamon, Leomon, Kurisarimon, Nanimon, Garurumon(Blk)
Gabumon -> Dorugamon, Garurumon, Numemon, Veedramon, Frigimon
Gabumon(Blk) -> Garurumon(Blk), Vegiemon, Reppamon, Frigimon
Guilmon -> GeoGreymon, Growlmon, Meramon, Tyrannomon, Greymon(Blue)
Kudamon -> Angemon, GoldNumemon, Peckmon, Reppamon
Keramon -> Bakemon, Kurisarimon, PlatinumSukamon, Wizardmon
Gotsumon -> Ankylomon, Clockmon, Starmon, Tankmon
Goblimon -> GaoGamon, Growlmon, Nanimon, Ogremon, Greymon(Blue)
Gomamon -> Ankylomon, Ikkakumon, Socerimon, Frigimon
Syakomon -> Ikkakumon, ShellNumemon, Gekomon, Seadramon
Solarmon -> Clockmon, Geremon, Starmon, Meramon
Terriermon -> Gargomon, Ikkakumon, Gatomon, ???
Tentomon -> Kabuterimon, Waspmon, Kuwagamon, Stingmon, Sunflowmon
ToyAgumon -> Clockmon, Greymon, Guardromon, Sukamon, Starmon
Dorumon -> Cyclonemon, Dorugamon, Guardromon, Waspmon
Hagurumon -> Clockmon, GoldNumemon, Guardromon, Starmon, PlatinumSukamon
Patamon -> Angemon, Birdramon, Reppamon, Gatomon, ExVeemon
???
Palmon -> Kuwagamon, Togemon, Vegiemon, Vegiemon, Sunflowmon
DemiDevimon -> Bakemon, Devimon, Kyubimon, Kurisarimon, IceDevimon
Biyomon -> Kabuterimon, Aquilamon, Birdramon, Kyubimon
Falcomon -> Stingmon, ExVeemon, Aquilamon, Peckmon
Veemon -> ???, ???, Veedramon, ExVeemon
Salamon -> Frigimon, Reppamon, Gatomon, Veedramon, Socerimon
Betamon -> Gekomon, Numemon, Seadramon, ShellNumemon, Vegiemon
Hawkmon -> Meramon, Aquilamon, Birdramon, Peckmon
Lalamon -> Sunflowmon, Togemon, Vegiemon, Woodmon
Lucemon -> Angemon, Devimon
Renamon -> BlackGatomon, Garurumon, Kyubimon, Woodmon
Lopmon -> Gargomon, Devimon, BlackGatomon, Wizardmon
Wormmon -> Waspmon, Kabuterimon, Kuwagamon, Stingmon, IceDevimon
IceDevimon -> Myotismon, Cherrymon, ???
Aquilamon -> ???, ???, ???, Crowmon
Ankylomon -> MagnaAngemon, ???, ???, SkullGreymon
Ikkakumon -> MachGaogamon, Whamon, Zudomon
Wizardmon -> ???, Myotismon, Wisemon
Woodmon -> Cherrymon
ExVeemon -> MagnaAngemon, Paildramon, RizeGreymon
Angemon -> ???, MagnaAngemon, ???
Ogremon -> ???, ???, WereGarurumon
Guardromon -> Andromon, GrapLeomon, MetalMamemon, Datamon
GaoGamon -> GrapLeomon, MachGaogamon, WereGarurumon
Kabuterimon -> ???, Cherrymon, ???
ShellNumemon -> BlackKingNumemon, MegaSeadramon, ShogunGekomon
Gargomon -> WarGrowlmon, ???, Rapidmon
Garurumon -> DoruGreymon, Panjyamon, WereGarurumon, Zudomon
Garurumon(Blk) -> WereGarurumon(Blk), BlueMeramon, MachGaogamon
Kyubimon -> ???, ???, ???
Growlmon -> ???, WarGrowlmon, MetalGreymon, ???
Kurisarimon -> Cyberdramon, Infermon, ???
Greymon -> MetalGreymon, MetalGreymon(Blue), Megadramon, SkullGreymon
Greymon(Blue) -> MetalGreymon(Blue), Knightmon, DoruGreymon
Clockmon -> Andromon, Knightmon, Datamon, Wisemon
Kuwagamon -> Cherrymon, Okuwamon, ???
Gekomon -> MegaSeadramon, ShogunGekomon, Whamon
Geremon -> Etemon, ???, MetalMamemon
GoldNumemon -> Vademon, PlatinumNumemon, BlackKingNumemon
Cyclonemon -> Megadramon, DoruGreymon, Datamon
Sunflowmon -> ???, ???, ???
Seadramon -> ShogunGekomon, MegaSeadramon, Whamon
GeoGreymon -> ???, RizeGreymon, SkullGreymon
Sukamon -> ???, Etemon, Vademon
Starmon -> ???, MetalMamemon, ???
Stingmon -> Infermon, Paildramon, Okuwamon
Socerimon -> ???, Piximon, Wisemon
Tankmon -> Andromon, ???, ???, Knightmon
Tyrannomon -> ???, Megadramon, MetalGreymon(Blue), ???
Gatomon -> ???, ???, ???
Devimon -> BlueMeramon, Infermon, MetalGreymon(Blue), Myotismon
Togemon -> MachGaogamon, ???, ???
Dorugamon -> RizeGreymon, DoruGreymon, Chirinmon
Nanimon -> ???, ???, ???
Numemon -> BlackKingNumemon, Etemon, ???
Birdramon -> ???, ???, Chirinmon, Crowmon
Bakemon -> BlueMeramon, ???, Myotismon, ???
Veedramon -> ???, Cyberdramon, ???, WarGrowlmon
PlatinumSukamon -> Etemon, MetalMamemon, Vademon
BlackGatomon -> Cyberdramon, Knightmon, ???, WereGarurumon(Blk)
Vegiemon -> ???, ???, ???
Peckmon -> ???, Piximon, Crowmon
Meramon -> BlueMeramon, ???, ???, Panjyamon
Frigimon -> Zudomon, ???, ???
Leomon -> GrapLeomon, MetalGreymon, ???, Panjyamon
Reppamon -> Rapidmon, Piximon, Chirinmon
Waspmon -> ???, Rapidmon, ???, Okuwamon
???
???
Andromon -> ???, ???, ???
???
Infermon -> ???, ???, ???
Myotismon -> ???, ???, ???
???
Etemon -> ???, ???, PlatinumNumemon
???
Okuwamon -> ???, ???, ???
???
???
???
GrapLeomon -> ???, ???, ???
Cyberdramon -> ???, ???, ???
???
Cherrymon -> ???, ???, ???
???
???
SkullGreymon -> ???, ???, ???
Zudomon -> MetalGarurumon, ???, ???
???
Chirinmon -> MetalGarurumon, ???, ???
???
???
ShogunGekomon -> ???, ???, ???
DoruGreymon -> ???, ???, ???
Knightmon -> ???, ???, ???
Datamon -> ???, MetalGarurumon(Blk), ???
Paildramon -> Imperialdramon DM
Panjyamon -> ???, ???, MirageGaogamon
???
Piximon -> ???, ???, ???
BlackKingNumemon -> PlatinumNumemon, ???, ???
BlueMeramon -> ???, ???, ???, ???
Vademon -> ???, ???, ???
Whamon -> ???, ???, ???
MagnaAngemon -> ???, ???, ???, ???
MachGaogamon -> ???, MirageGaogamon, ???
???
MegaSeadramon -> ???, ???, ???
Megadramon -> BlackWarGreymon, ???, ???
WarGrowlmon -> ???, ???, RustTyranomon, ???
MetalGreymon -> RustTyranomon, Gaiomon, WarGreymon
MetalGreymon(Blue) -> BlackWarGreymon, Gaiomon, WarGreymon, ???
???
MetalMamemon -> ???, ???, ???
???
Crowmon -> ???, ???, ???
RizeGreymon -> ???, Gaiomon, ???
???
Rapidmon -> ???, ???, MetalGarurumon(Blk)
???
???
???
WereGarurumon -> MetalGarurumon, MetalGarurumon(Blk), MirageGaogamon
WereGarurumon(Blk) -> MetalGarurumon(Blk), ???, ???
Wisemon -> ???, ???, ???
???
???
???
Imperialdramon DM -> ???, Imperialdramon FM
Imperialdramon FM -> ???, Imperialdramon DM
???
???
WarGreymon -> ???
???
???
Gaiomon
???
???
???
???
???
???
???
???
???
???
???
???
???
???
???
???
???
???
???
???
???
???
???
???
???
???
???
???
???
PlatinumNumemon
BlackWarGreymon -> ???
???
???
???
???
???
???
???
???
???
???
???
MirageGaogamon -> ???
???
???
MetalGarurumon -> ???
MetalGarurumon(Blk) -> ???
???
RustTyranomon
???
???
???
???
???
???
???
???
???
???
???
???
???
???
???
???
???
???
???
???
???
???
???
